{
  "experiment": "UniMamba SSL v2 + Dynamic Confidence-Gate Early Exit",
  "timestamp": "20260224_031009",
  "fixes": [
    "get_ssl_outputs: masked mean-pool (was h.mean)",
    "compute_centroids: masked mean-pool (was feat.mean)",
    "Replaced BYOL self-distillation with dynamic_inference_loop"
  ],
  "model": {
    "name": "UniMambaSSL",
    "params": 1896208
  },
  "ssl_results": {
    "UNSW Test@8": {
      "knn": 0.9806442273440312,
      "centroid": 0.8249243457980757
    },
    "UNSW Test@32": {
      "knn": 0.9635988961874002,
      "centroid": 0.8719957548689119
    },
    "CIC-IDS-2017@8": {
      "knn": 0.9321142688168931,
      "centroid": 0.539637933008434
    },
    "CIC-IDS-2017@32": {
      "knn": 0.9055531952104982,
      "centroid": 0.5275903038878955
    }
  },
  "dynamic_best_tau": 0.01,
  "dynamic_unsw": {
    "0.01": {
      "auc": 0.5717084733344522,
      "avg_pkts": 8.003644006169239,
      "pct8": 99.9848166409615
    },
    "0.05": {
      "auc": 0.5717211797071217,
      "avg_pkts": 8.01764466145105,
      "pct8": 99.9264805772873
    },
    "0.1": {
      "auc": 0.5939403900484148,
      "avg_pkts": 16.21896001981828,
      "pct8": 65.75433325075717
    },
    "0.15": {
      "auc": 0.6043214965193469,
      "avg_pkts": 21.88577319258093,
      "pct8": 42.142611697579454
    },
    "0.2": {
      "auc": 0.6043214965193469,
      "avg_pkts": 25.65482631036384,
      "pct8": 26.438223706817325
    },
    "0.25": {
      "auc": 0.6043214965193469,
      "avg_pkts": 25.670744863629462,
      "pct8": 26.37189640154391
    },
    "0.3": {
      "auc": 0.6043214965193469,
      "avg_pkts": 25.792339595803,
      "pct8": 25.865251684154167
    },
    "0.4": {
      "auc": 0.6043214965193469,
      "avg_pkts": 31.99558883463724,
      "pct8": 0.01837985567817672
    },
    "0.5": {
      "auc": 0.6043214965193469,
      "avg_pkts": 32.0,
      "pct8": 0.0
    }
  },
  "dynamic_cic": {
    "0.01": {
      "auc": 0.662900989866246,
      "avg_pkts": 8.026544463820265,
      "pct8": 99.88939806741557
    },
    "0.05": {
      "auc": 0.6628862447525499,
      "avg_pkts": 8.068750161294485,
      "pct8": 99.7135409946063
    },
    "0.1": {
      "auc": 0.6627569414478296,
      "avg_pkts": 8.773483555335991,
      "pct8": 96.7771518527667
    },
    "0.15": {
      "auc": 0.6627093033881958,
      "avg_pkts": 13.616852785140999,
      "pct8": 76.59644672857917
    },
    "0.2": {
      "auc": 0.6627098705079533,
      "avg_pkts": 25.378395018488956,
      "pct8": 27.590020756296013
    },
    "0.25": {
      "auc": 0.6627098705079533,
      "avg_pkts": 27.63883307587661,
      "pct8": 18.171528850514115
    },
    "0.3": {
      "auc": 0.6627098705079533,
      "avg_pkts": 29.398974351411834,
      "pct8": 10.83760686911736
    },
    "0.4": {
      "auc": 0.6627098705079533,
      "avg_pkts": 32.0,
      "pct8": 0.0
    },
    "0.5": {
      "auc": 0.6627098705079533,
      "avg_pkts": 32.0,
      "pct8": 0.0
    }
  },
  "latency_ms": 0.631
}