{
  "CIC-IDS-2017": {
    "overall_@8": {
      "auc": 0.917251728320238,
      "f1": 0.6736826314689773,
      "accuracy": 0.8315855155709088,
      "precision": 0.528879504930784,
      "recall": 0.9276720898664201,
      "threshold": -0.06393128633499146,
      "tn_fp_fn_tp": [
        713629,
        168019,
        14706,
        188618
      ]
    },
    "overall_@32": {
      "auc": 0.8448799425517439,
      "f1": 0.7981858834290361,
      "accuracy": 0.9267907374568192,
      "precision": 0.825598141451518,
      "recall": 0.7725354606440952,
      "threshold": -0.0008592605590820312,
      "tn_fp_fn_tp": [
        848467,
        33181,
        46249,
        157075
      ]
    },
    "per_attack_@8": {
      "Bot": {
        "auc": 0.5841818230159574,
        "f1": 0.0036621280933030863,
        "accuracy": 0.38915382148110733,
        "precision": 0.0018344506211979957,
        "recall": 0.99185667752443,
        "threshold": -0.09371548891067505,
        "tn_fp_fn_tp": [
          421003,
          662741,
          10,
          1218
        ],
        "count": 1228
      },
      "DDoS": {
        "auc": 0.7271049254316736,
        "f1": 0.12609588448335096,
        "accuracy": 0.6928667283579668,
        "precision": 0.0673957287911324,
        "recall": 0.9773161510630514,
        "threshold": -0.06400507688522339,
        "tn_fp_fn_tp": [
          727700,
          332673,
          558,
          24041
        ],
        "count": 24599
      },
      "DoS GoldenEye": {
        "auc": 0.5414610450192374,
        "f1": 0.018158538004888838,
        "accuracy": 0.26920694727605876,
        "precision": 0.009163900331960165,
        "recall": 0.9831053901850362,
        "threshold": -0.10262757539749146,
        "tn_fp_fn_tp": [
          284750,
          792764,
          126,
          7332
        ],
        "count": 7458
      },
      "DoS Hulk": {
        "auc": 0.5271755592766469,
        "f1": 0.015441190058209368,
        "accuracy": 0.26339942413260437,
        "precision": 0.007781516570023716,
        "recall": 0.9861526357199056,
        "threshold": -0.1029500961303711,
        "tn_fp_fn_tp": [
          279514,
          799103,
          88,
          6267
        ],
        "count": 6355
      },
      "DoS Slowhttptest": {
        "auc": 0.7050709189462208,
        "f1": 6.250136721740788e-06,
        "accuracy": 0.7050698082531162,
        "precision": 3.125078126953174e-06,
        "recall": 1.0,
        "threshold": 0.09840714931488037,
        "tn_fp_fn_tp": [
          764980,
          319991,
          0,
          1
        ],
        "count": 1
      },
      "DoS slowloris": {
        "auc": 0.6099730868134603,
        "f1": 7.524327090022931e-06,
        "accuracy": 0.5100288302370937,
        "precision": 3.762177698939254e-06,
        "recall": 1.0,
        "threshold": 0.08896702527999878,
        "tn_fp_fn_tp": [
          553365,
          531605,
          0,
          2
        ],
        "count": 2
      },
      "FTP-Patator": {
        "auc": 0.6389794363272214,
        "f1": 0.012330407122465284,
        "accuracy": 0.6342606076470176,
        "precision": 0.006203806437231855,
        "recall": 0.9908,
        "threshold": -0.07203567028045654,
        "tn_fp_fn_tp": [
          685678,
          396794,
          23,
          2477
        ],
        "count": 2500
      },
      "Heartbleed": {
        "auc": 0.5785684594334779,
        "f1": 4.374041811465676e-06,
        "accuracy": 0.5785688478596682,
        "precision": 2.1870256888037407e-06,
        "recall": 1.0,
        "threshold": -0.08144509792327881,
        "tn_fp_fn_tp": [
          627730,
          457241,
          0,
          1
        ],
        "count": 1
      },
      "Infiltration": {
        "auc": 0.7328552231129823,
        "f1": 3.3156315449185184e-05,
        "accuracy": 0.6664337881530583,
        "precision": 1.6578432564462473e-05,
        "recall": 1.0,
        "threshold": -0.06617963314056396,
        "tn_fp_fn_tp": [
          723056,
          361910,
          0,
          6
        ],
        "count": 6
      },
      "PortScan": {
        "auc": 0.9599131030844966,
        "f1": 0.8918027388549497,
        "accuracy": 0.9648709828456402,
        "precision": 0.8095606236309754,
        "recall": 0.9926440384481702,
        "threshold": -0.012305080890655518,
        "tn_fp_fn_tp": [
          889783,
          36950,
          1164,
          157075
        ],
        "count": 158239
      },
      "SSH-Patator": {
        "auc": 0.6322388324429147,
        "f1": 0.013773392438266526,
        "accuracy": 0.6132637524286341,
        "precision": 0.006934533741358459,
        "recall": 0.9982964224872232,
        "threshold": -0.07565575838088989,
        "tn_fp_fn_tp": [
          662444,
          419593,
          5,
          2930
        ],
        "count": 2935
      }
    },
    "per_attack_@32": {
      "Bot": {
        "auc": 0.6948097978040946,
        "f1": 0.006087530189902628,
        "accuracy": 0.6764607750246089,
        "precision": 0.0030543851025563074,
        "recall": 0.8754071661237784,
        "threshold": -0.020618438720703125,
        "tn_fp_fn_tp": [
          732866,
          350878,
          153,
          1075
        ],
        "count": 1228
      },
      "DDoS": {
        "auc": 0.6100308003555746,
        "f1": 0.08031650754050665,
        "accuracy": 0.5012203079895149,
        "precision": 0.04191031582606598,
        "recall": 0.9606081548030407,
        "threshold": 0.0324283242225647,
        "tn_fp_fn_tp": [
          520180,
          540193,
          969,
          23630
        ],
        "count": 24599
      },
      "DoS GoldenEye": {
        "auc": 0.6179814052056428,
        "f1": 0.026291120281875288,
        "accuracy": 0.5002617579071165,
        "precision": 0.013324013804552007,
        "recall": 0.9814963797264682,
        "threshold": 0.034848034381866455,
        "tn_fp_fn_tp": [
          535450,
          542064,
          138,
          7320
        ],
        "count": 7458
      },
      "DoS Hulk": {
        "auc": 0.6278295589678198,
        "f1": 0.02230034836510371,
        "accuracy": 0.493516883385009,
        "precision": 0.01127768810093234,
        "recall": 0.9861526357199056,
        "threshold": 0.03371620178222656,
        "tn_fp_fn_tp": [
          529185,
          549432,
          88,
          6267
        ],
        "count": 6355
      },
      "DoS Slowhttptest": {
        "auc": 0.9374858867195529,
        "f1": 2.9486347820958896e-05,
        "accuracy": 0.937485944337734,
        "precision": 1.4743391274861043e-05,
        "recall": 1.0,
        "threshold": 0.10852515697479248,
        "tn_fp_fn_tp": [
          1017145,
          67826,
          0,
          1
        ],
        "count": 1
      },
      "DoS slowloris": {
        "auc": 0.6019272422278957,
        "f1": 8.92608089260809e-06,
        "accuracy": 0.5869745947360854,
        "precision": 4.463060365122969e-06,
        "recall": 1.0,
        "threshold": 0.049510836601257324,
        "tn_fp_fn_tp": [
          636849,
          448121,
          0,
          2
        ],
        "count": 2
      },
      "FTP-Patator": {
        "auc": 0.8689905176300172,
        "f1": 0.03280866226173591,
        "accuracy": 0.8711552003185336,
        "precision": 0.016693068609849687,
        "recall": 0.9484,
        "threshold": 0.08459490537643433,
        "tn_fp_fn_tp": [
          942808,
          139664,
          129,
          2371
        ],
        "count": 2500
      },
      "Heartbleed": {
        "auc": 0.5025797924552822,
        "f1": 3.705837991880509e-06,
        "accuracy": 0.502579790077532,
        "precision": 1.8529224292554217e-06,
        "recall": 1.0,
        "threshold": 0.03685814142227173,
        "tn_fp_fn_tp": [
          545284,
          539687,
          0,
          1
        ],
        "count": 1
      },