{
  "seq_lengths": [
    16,
    32,
    64,
    128,
    256,
    512
  ],
  "latency_ms": {
    "BiMamba": [
      1.166660000308184,
      1.1821285006590188,
      1.1865275009768084,
      1.193886000692146,
      1.203969499329105,
      1.212799497807282
    ],
    "BERT": [
      1.0291900016454747,
      1.0170935001951875,
      1.0159610010305187,
      1.0451250000187429,
      1.0460374996910105,
      1.263430500330287
    ],
    "UniMamba": [
      0.6937614998605568,
      0.6878244985273341,
      0.7134819989005337,
      0.691617000484257,
      0.7238060006784508,
      0.7063734992698301
    ]
  },
  "throughput": {
    "BiMamba": [
      21185.136173553346,
      18894.69091046185,
      14455.327932024544,
      11640.363554855487,
      6084.486786318017,
      2873.352490574858
    ],
    "BERT": [
      50134.84219694801,
      41513.50672397127,
      22693.49410831035,
      11445.260507670817,
      5615.866764166704,
      2355.5303851119093
    ],
    "UniMamba": [
      41284.26092315736,
      36800.723409853235,
      28391.732398625198,
      22959.850679811934,
      11950.529295364928,
      5740.9729137802315
    ]
  }
}