{
  "unsw": {
    "f1": 0.880705415840551,
    "auc": 0.9953238509689215,
    "acc": 0.984773919610238,
    "avg_pkts": "32.0",
    "exit_pct": {
      "8": 0.0,
      "16": 0.0,
      "32": 100.0
    }
  },
  "cic": {
    "f1": 0.029141812859519944,
    "auc": 0.3473473099040796,
    "acc": 0.7811289139258893,
    "avg_pkts": "32.0",
    "exit_pct": {
      "8": 0.0,
      "16": 0.0,
      "32": 100.0
    }
  },
  "comparison": "UniMamba+EarlyExit (No KD) vs TED (KD from SSL Teacher)"
}