{
  "unsw_f1": 0.6190812909423239,
  "unsw_auc": 0.9875681373818377,
  "cross_ds_auc": 0.7216748096648894,
  "cross_ds_optimal_f1": 0.5767051301400875,
  "epochs": 2,
  "train_pct": 0.01
}